instrument,sex
clarinet,M
clarinet,M
clarinet,M
clarinet,F
clarinet,F
clarinet,M
clarinet,M
clarinet,F
clarinet,F
drums,F
drums,F
clarinet,F
clarinet,M
clarinet,M
clarinet,M
drums,M
clarinet,F
clarinet,M
drums,M
clarinet,M
clarinet,M
clarinet,F
clarinet,F
clarinet,M
clarinet,F
clarinet,F
clarinet,F
clarinet,F
clarinet,M
drums,F
clarinet,M
clarinet,M
clarinet,M
clarinet,M
clarinet,M
clarinet,M
clarinet,M
drums,M
clarinet,F
clarinet,F
drums,M
clarinet,F
clarinet,M
clarinet,M
drums,M
clarinet,M
clarinet,M
clarinet,F
drums,F
clarinet,M
clarinet,M
clarinet,F
drums,M
clarinet,F
clarinet,F
clarinet,F
clarinet,M
drums,F
clarinet,M
drums,M
clarinet,F
clarinet,M
clarinet,F
clarinet,M
drums,M
clarinet,M
clarinet,F
clarinet,F
clarinet,M
clarinet,F
clarinet,M
drums,M
drums,M
clarinet,F
clarinet,F
clarinet,F
drums,M
clarinet,F
clarinet,M
drums,F
clarinet,M
clarinet,F
clarinet,M
clarinet,M
clarinet,F
clarinet,F
drums,M
drums,M
clarinet,F
clarinet,F
clarinet,F
clarinet,M
clarinet,F
clarinet,F
clarinet,F
clarinet,F
clarinet,F
clarinet,F
clarinet,F
clarinet,M
clarinet,M
clarinet,M
clarinet,F
drums,M
clarinet,F
drums,M
clarinet,M
clarinet,M
clarinet,F
clarinet,M
clarinet,F
clarinet,M
clarinet,F
clarinet,F
clarinet,M
clarinet,F
clarinet,M
clarinet,F
clarinet,F
drums,M
drums,M
clarinet,M
